hashtag,start_time,tweets,date,hour
AmberTurd,2022-05-15T00:00:00.000Z,187,2022-05-15,00
AmberTurd,2022-05-15T01:00:00.000Z,38,2022-05-15,01
AmberTurd,2022-05-15T02:00:00.000Z,56,2022-05-15,02
AmberTurd,2022-05-15T03:00:00.000Z,255,2022-05-15,03
AmberTurd,2022-05-15T04:00:00.000Z,210,2022-05-15,04
AmberTurd,2022-05-15T05:00:00.000Z,51,2022-05-15,05
AmberTurd,2022-05-15T06:00:00.000Z,50,2022-05-15,06
AmberTurd,2022-05-15T07:00:00.000Z,68,2022-05-15,07
AmberTurd,2022-05-15T08:00:00.000Z,87,2022-05-15,08
AmberTurd,2022-05-15T09:00:00.000Z,102,2022-05-15,09
AmberTurd,2022-05-15T10:00:00.000Z,314,2022-05-15,10
AmberTurd,2022-05-15T11:00:00.000Z,114,2022-05-15,11
AmberTurd,2022-05-15T12:00:00.000Z,251,2022-05-15,12
AmberTurd,2022-05-15T13:00:00.000Z,129,2022-05-15,13
AmberTurd,2022-05-15T14:00:00.000Z,175,2022-05-15,14
AmberTurd,2022-05-15T15:00:00.000Z,153,2022-05-15,15
AmberTurd,2022-05-15T16:00:00.000Z,203,2022-05-15,16
AmberTurd,2022-05-15T17:00:00.000Z,155,2022-05-15,17
AmberTurd,2022-05-15T18:00:00.000Z,203,2022-05-15,18
AmberTurd,2022-05-15T19:00:00.000Z,124,2022-05-15,19
AmberTurd,2022-05-15T20:00:00.000Z,130,2022-05-15,20
AmberTurd,2022-05-15T21:00:00.000Z,158,2022-05-15,21
AmberTurd,2022-05-15T22:00:00.000Z,151,2022-05-15,22
AmberTurd,2022-05-15T23:00:00.000Z,302,2022-05-15,23
AmberTurd,2022-05-16T00:00:00.000Z,284,2022-05-16,00
AmberTurd,2022-05-16T01:00:00.000Z,214,2022-05-16,01
AmberTurd,2022-05-16T02:00:00.000Z,130,2022-05-16,02
AmberTurd,2022-05-16T03:00:00.000Z,90,2022-05-16,03
AmberTurd,2022-05-16T04:00:00.000Z,61,2022-05-16,04
AmberTurd,2022-05-16T05:00:00.000Z,62,2022-05-16,05
AmberTurd,2022-05-16T06:00:00.000Z,195,2022-05-16,06
AmberTurd,2022-05-16T07:00:00.000Z,199,2022-05-16,07
AmberTurd,2022-05-16T08:00:00.000Z,116,2022-05-16,08
AmberTurd,2022-05-16T09:00:00.000Z,213,2022-05-16,09
AmberTurd,2022-05-16T10:00:00.000Z,285,2022-05-16,10
AmberTurd,2022-05-16T11:00:00.000Z,287,2022-05-16,11
AmberTurd,2022-05-16T12:00:00.000Z,220,2022-05-16,12
AmberTurd,2022-05-16T13:00:00.000Z,773,2022-05-16,13
AmberTurd,2022-05-16T14:00:00.000Z,902,2022-05-16,14
AmberTurd,2022-05-16T15:00:00.000Z,984,2022-05-16,15
AmberTurd,2022-05-16T16:00:00.000Z,799,2022-05-16,16
AmberTurd,2022-05-16T17:00:00.000Z,890,2022-05-16,17
AmberTurd,2022-05-16T18:00:00.000Z,1181,2022-05-16,18
AmberTurd,2022-05-16T19:00:00.000Z,1196,2022-05-16,19
AmberTurd,2022-05-16T20:00:00.000Z,1573,2022-05-16,20
AmberTurd,2022-05-16T21:00:00.000Z,2319,2022-05-16,21
AmberTurd,2022-05-16T22:00:00.000Z,1494,2022-05-16,22
AmberTurd,2022-05-16T23:00:00.000Z,861,2022-05-16,23
AmberTurd,2022-05-17T00:00:00.000Z,795,2022-05-17,00
AmberTurd,2022-05-17T01:00:00.000Z,720,2022-05-17,01
AmberTurd,2022-05-17T02:00:00.000Z,673,2022-05-17,02
AmberTurd,2022-05-17T03:00:00.000Z,738,2022-05-17,03
AmberTurd,2022-05-17T04:00:00.000Z,707,2022-05-17,04
AmberTurd,2022-05-17T05:00:00.000Z,500,2022-05-17,05
AmberTurd,2022-05-17T06:00:00.000Z,497,2022-05-17,06
AmberTurd,2022-05-17T07:00:00.000Z,561,2022-05-17,07
AmberTurd,2022-05-17T08:00:00.000Z,610,2022-05-17,08
AmberTurd,2022-05-17T09:00:00.000Z,510,2022-05-17,09
AmberTurd,2022-05-17T10:00:00.000Z,457,2022-05-17,10
AmberTurd,2022-05-17T11:00:00.000Z,573,2022-05-17,11
AmberTurd,2022-05-17T12:00:00.000Z,719,2022-05-17,12
AmberTurd,2022-05-17T13:00:00.000Z,1147,2022-05-17,13
AmberTurd,2022-05-17T14:00:00.000Z,973,2022-05-17,14
AmberTurd,2022-05-17T15:00:00.000Z,1231,2022-05-17,15
AmberTurd,2022-05-17T16:00:00.000Z,1116,2022-05-17,16
AmberTurd,2022-05-17T17:00:00.000Z,745,2022-05-17,17
AmberTurd,2022-05-17T18:00:00.000Z,1112,2022-05-17,18
AmberTurd,2022-05-17T19:00:00.000Z,1274,2022-05-17,19
AmberTurd,2022-05-17T20:00:00.000Z,835,2022-05-17,20
AmberTurd,2022-05-17T21:00:00.000Z,663,2022-05-17,21
AmberTurd,2022-05-17T22:00:00.000Z,556,2022-05-17,22
AmberTurd,2022-05-17T23:00:00.000Z,607,2022-05-17,23
AmberTurd,2022-05-18T00:00:00.000Z,629,2022-05-18,00
AmberTurd,2022-05-18T01:00:00.000Z,578,2022-05-18,01
AmberTurd,2022-05-18T02:00:00.000Z,541,2022-05-18,02
AmberTurd,2022-05-18T03:00:00.000Z,663,2022-05-18,03
AmberTurd,2022-05-18T04:00:00.000Z,432,2022-05-18,04
AmberTurd,2022-05-18T05:00:00.000Z,335,2022-05-18,05
AmberTurd,2022-05-18T06:00:00.000Z,283,2022-05-18,06
AmberTurd,2022-05-18T07:00:00.000Z,275,2022-05-18,07
AmberTurd,2022-05-18T08:00:00.000Z,213,2022-05-18,08
AmberTurd,2022-05-18T09:00:00.000Z,292,2022-05-18,09
AmberTurd,2022-05-18T10:00:00.000Z,246,2022-05-18,10
AmberTurd,2022-05-18T11:00:00.000Z,289,2022-05-18,11
AmberTurd,2022-05-18T12:00:00.000Z,314,2022-05-18,12
AmberTurd,2022-05-18T13:00:00.000Z,521,2022-05-18,13
AmberTurd,2022-05-18T14:00:00.000Z,900,2022-05-18,14
AmberTurd,2022-05-18T15:00:00.000Z,989,2022-05-18,15
AmberTurd,2022-05-18T16:00:00.000Z,664,2022-05-18,16
AmberTurd,2022-05-18T17:00:00.000Z,738,2022-05-18,17
AmberTurd,2022-05-18T18:00:00.000Z,864,2022-05-18,18
AmberTurd,2022-05-18T19:00:00.000Z,632,2022-05-18,19
AmberTurd,2022-05-18T20:00:00.000Z,677,2022-05-18,20
AmberTurd,2022-05-18T21:00:00.000Z,568,2022-05-18,21
AmberTurd,2022-05-18T22:00:00.000Z,378,2022-05-18,22
AmberTurd,2022-05-18T23:00:00.000Z,305,2022-05-18,23
AmberTurd,2022-05-19T00:00:00.000Z,285,2022-05-19,00
AmberTurd,2022-05-19T01:00:00.000Z,319,2022-05-19,01
AmberTurd,2022-05-19T02:00:00.000Z,272,2022-05-19,02
AmberTurd,2022-05-19T03:00:00.000Z,252,2022-05-19,03
AmberTurd,2022-05-19T04:00:00.000Z,221,2022-05-19,04
AmberTurd,2022-05-19T05:00:00.000Z,163,2022-05-19,05
AmberTurd,2022-05-19T06:00:00.000Z,270,2022-05-19,06
AmberTurd,2022-05-19T07:00:00.000Z,249,2022-05-19,07
AmberTurd,2022-05-19T08:00:00.000Z,265,2022-05-19,08
AmberTurd,2022-05-19T09:00:00.000Z,260,2022-05-19,09
AmberTurd,2022-05-19T10:00:00.000Z,273,2022-05-19,10
AmberTurd,2022-05-19T11:00:00.000Z,332,2022-05-19,11
AmberTurd,2022-05-19T12:00:00.000Z,276,2022-05-19,12
AmberTurd,2022-05-19T13:00:00.000Z,401,2022-05-19,13
AmberTurd,2022-05-19T14:00:00.000Z,595,2022-05-19,14
AmberTurd,2022-05-19T15:00:00.000Z,636,2022-05-19,15
AmberTurd,2022-05-19T16:00:00.000Z,498,2022-05-19,16
AmberTurd,2022-05-19T17:00:00.000Z,379,2022-05-19,17
AmberTurd,2022-05-19T18:00:00.000Z,10047,2022-05-19,18
AmberTurd,2022-05-19T19:00:00.000Z,7159,2022-05-19,19
AmberTurd,2022-05-19T20:00:00.000Z,5572,2022-05-19,20
AmberTurd,2022-05-19T21:00:00.000Z,4103,2022-05-19,21
AmberTurd,2022-05-19T22:00:00.000Z,3159,2022-05-19,22
AmberTurd,2022-05-19T23:00:00.000Z,2758,2022-05-19,23
AmberTurd,2022-05-20T00:00:00.000Z,2615,2022-05-20,00
AmberTurd,2022-05-20T01:00:00.000Z,2374,2022-05-20,01
AmberTurd,2022-05-20T02:00:00.000Z,2239,2022-05-20,02
AmberTurd,2022-05-20T03:00:00.000Z,2278,2022-05-20,03
AmberTurd,2022-05-20T04:00:00.000Z,2005,2022-05-20,04
AmberTurd,2022-05-20T05:00:00.000Z,2633,2022-05-20,05
AmberTurd,2022-05-20T06:00:00.000Z,1458,2022-05-20,06
AmberTurd,2022-05-20T07:00:00.000Z,1283,2022-05-20,07
AmberTurd,2022-05-20T08:00:00.000Z,1081,2022-05-20,08
AmberTurd,2022-05-20T09:00:00.000Z,964,2022-05-20,09
AmberTurd,2022-05-20T10:00:00.000Z,1174,2022-05-20,10
AmberTurd,2022-05-20T11:00:00.000Z,1509,2022-05-20,11
AmberTurd,2022-05-20T12:00:00.000Z,1367,2022-05-20,12
AmberTurd,2022-05-20T13:00:00.000Z,1570,2022-05-20,13
AmberTurd,2022-05-20T14:00:00.000Z,1708,2022-05-20,14
AmberTurd,2022-05-20T15:00:00.000Z,1827,2022-05-20,15
AmberTurd,2022-05-20T16:00:00.000Z,2160,2022-05-20,16
AmberTurd,2022-05-20T17:00:00.000Z,2067,2022-05-20,17
AmberTurd,2022-05-20T18:00:00.000Z,1924,2022-05-20,18
AmberTurd,2022-05-20T19:00:00.000Z,1469,2022-05-20,19
AmberTurd,2022-05-20T20:00:00.000Z,1347,2022-05-20,20
AmberTurd,2022-05-20T21:00:00.000Z,1611,2022-05-20,21
AmberTurd,2022-05-20T22:00:00.000Z,1608,2022-05-20,22
AmberTurd,2022-05-20T23:00:00.000Z,1360,2022-05-20,23
JusticeforJohnnyDepp,2022-05-15T00:00:00.000Z,1154,2022-05-15,00
JusticeforJohnnyDepp,2022-05-15T01:00:00.000Z,1006,2022-05-15,01
JusticeforJohnnyDepp,2022-05-15T02:00:00.000Z,980,2022-05-15,02
JusticeforJohnnyDepp,2022-05-15T03:00:00.000Z,997,2022-05-15,03
JusticeforJohnnyDepp,2022-05-15T04:00:00.000Z,798,2022-05-15,04
JusticeforJohnnyDepp,2022-05-15T05:00:00.000Z,622,2022-05-15,05
JusticeforJohnnyDepp,2022-05-15T06:00:00.000Z,713,2022-05-15,06
JusticeforJohnnyDepp,2022-05-15T07:00:00.000Z,734,2022-05-15,07
JusticeforJohnnyDepp,2022-05-15T08:00:00.000Z,603,2022-05-15,08
JusticeforJohnnyDepp,2022-05-15T09:00:00.000Z,626,2022-05-15,09
JusticeforJohnnyDepp,2022-05-15T10:00:00.000Z,711,2022-05-15,10
JusticeforJohnnyDepp,2022-05-15T11:00:00.000Z,844,2022-05-15,11
JusticeforJohnnyDepp,2022-05-15T12:00:00.000Z,958,2022-05-15,12
JusticeforJohnnyDepp,2022-05-15T13:00:00.000Z,972,2022-05-15,13
JusticeforJohnnyDepp,2022-05-15T14:00:00.000Z,943,2022-05-15,14
JusticeforJohnnyDepp,2022-05-15T15:00:00.000Z,863,2022-05-15,15
JusticeforJohnnyDepp,2022-05-15T16:00:00.000Z,980,2022-05-15,16
JusticeforJohnnyDepp,2022-05-15T17:00:00.000Z,1205,2022-05-15,17
JusticeforJohnnyDepp,2022-05-15T18:00:00.000Z,1109,2022-05-15,18
JusticeforJohnnyDepp,2022-05-15T19:00:00.000Z,1086,2022-05-15,19
JusticeforJohnnyDepp,2022-05-15T20:00:00.000Z,1026,2022-05-15,20
JusticeforJohnnyDepp,2022-05-15T21:00:00.000Z,1222,2022-05-15,21
JusticeforJohnnyDepp,2022-05-15T22:00:00.000Z,1167,2022-05-15,22
JusticeforJohnnyDepp,2022-05-15T23:00:00.000Z,1142,2022-05-15,23
JusticeforJohnnyDepp,2022-05-16T00:00:00.000Z,1084,2022-05-16,00
JusticeforJohnnyDepp,2022-05-16T01:00:00.000Z,1395,2022-05-16,01
JusticeforJohnnyDepp,2022-05-16T02:00:00.000Z,1256,2022-05-16,02
JusticeforJohnnyDepp,2022-05-16T03:00:00.000Z,925,2022-05-16,03
JusticeforJohnnyDepp,2022-05-16T04:00:00.000Z,873,2022-05-16,04
JusticeforJohnnyDepp,2022-05-16T05:00:00.000Z,799,2022-05-16,05
JusticeforJohnnyDepp,2022-05-16T06:00:00.000Z,886,2022-05-16,06
JusticeforJohnnyDepp,2022-05-16T07:00:00.000Z,767,2022-05-16,07
JusticeforJohnnyDepp,2022-05-16T08:00:00.000Z,778,2022-05-16,08
JusticeforJohnnyDepp,2022-05-16T09:00:00.000Z,806,2022-05-16,09
JusticeforJohnnyDepp,2022-05-16T10:00:00.000Z,914,2022-05-16,10
JusticeforJohnnyDepp,2022-05-16T11:00:00.000Z,898,2022-05-16,11
JusticeforJohnnyDepp,2022-05-16T12:00:00.000Z,1673,2022-05-16,12
JusticeforJohnnyDepp,2022-05-16T13:00:00.000Z,6559,2022-05-16,13
JusticeforJohnnyDepp,2022-05-16T14:00:00.000Z,9177,2022-05-16,14
JusticeforJohnnyDepp,2022-05-16T15:00:00.000Z,8734,2022-05-16,15
JusticeforJohnnyDepp,2022-05-16T16:00:00.000Z,9184,2022-05-16,16
JusticeforJohnnyDepp,2022-05-16T17:00:00.000Z,6753,2022-05-16,17
JusticeforJohnnyDepp,2022-05-16T18:00:00.000Z,12614,2022-05-16,18
JusticeforJohnnyDepp,2022-05-16T19:00:00.000Z,11477,2022-05-16,19
JusticeforJohnnyDepp,2022-05-16T20:00:00.000Z,15067,2022-05-16,20
JusticeforJohnnyDepp,2022-05-16T21:00:00.000Z,17196,2022-05-16,21
JusticeforJohnnyDepp,2022-05-16T22:00:00.000Z,10551,2022-05-16,22
JusticeforJohnnyDepp,2022-05-16T23:00:00.000Z,6453,2022-05-16,23
JusticeforJohnnyDepp,2022-05-17T00:00:00.000Z,5670,2022-05-17,00
JusticeforJohnnyDepp,2022-05-17T01:00:00.000Z,5040,2022-05-17,01
JusticeforJohnnyDepp,2022-05-17T02:00:00.000Z,4251,2022-05-17,02
JusticeforJohnnyDepp,2022-05-17T03:00:00.000Z,3825,2022-05-17,03
JusticeforJohnnyDepp,2022-05-17T04:00:00.000Z,3557,2022-05-17,04
JusticeforJohnnyDepp,2022-05-17T05:00:00.000Z,2929,2022-05-17,05
JusticeforJohnnyDepp,2022-05-17T06:00:00.000Z,2952,2022-05-17,06
JusticeforJohnnyDepp,2022-05-17T07:00:00.000Z,2761,2022-05-17,07
JusticeforJohnnyDepp,2022-05-17T08:00:00.000Z,2428,2022-05-17,08
JusticeforJohnnyDepp,2022-05-17T09:00:00.000Z,2648,2022-05-17,09
JusticeforJohnnyDepp,2022-05-17T10:00:00.000Z,2702,2022-05-17,10
JusticeforJohnnyDepp,2022-05-17T11:00:00.000Z,3241,2022-05-17,11
JusticeforJohnnyDepp,2022-05-17T12:00:00.000Z,3529,2022-05-17,12
JusticeforJohnnyDepp,2022-05-17T13:00:00.000Z,7169,2022-05-17,13
JusticeforJohnnyDepp,2022-05-17T14:00:00.000Z,8696,2022-05-17,14
JusticeforJohnnyDepp,2022-05-17T15:00:00.000Z,9771,2022-05-17,15
JusticeforJohnnyDepp,2022-05-17T16:00:00.000Z,9553,2022-05-17,16
JusticeforJohnnyDepp,2022-05-17T17:00:00.000Z,6443,2022-05-17,17
JusticeforJohnnyDepp,2022-05-17T18:00:00.000Z,10146,2022-05-17,18
JusticeforJohnnyDepp,2022-05-17T19:00:00.000Z,11327,2022-05-17,19
JusticeforJohnnyDepp,2022-05-17T20:00:00.000Z,8937,2022-05-17,20
JusticeforJohnnyDepp,2022-05-17T21:00:00.000Z,7406,2022-05-17,21
JusticeforJohnnyDepp,2022-05-17T22:00:00.000Z,5988,2022-05-17,22
JusticeforJohnnyDepp,2022-05-17T23:00:00.000Z,5186,2022-05-17,23
JusticeforJohnnyDepp,2022-05-18T00:00:00.000Z,4755,2022-05-18,00
JusticeforJohnnyDepp,2022-05-18T01:00:00.000Z,4287,2022-05-18,01
JusticeforJohnnyDepp,2022-05-18T02:00:00.000Z,3695,2022-05-18,02
JusticeforJohnnyDepp,2022-05-18T03:00:00.000Z,3588,2022-05-18,03
JusticeforJohnnyDepp,2022-05-18T04:00:00.000Z,3035,2022-05-18,04
JusticeforJohnnyDepp,2022-05-18T05:00:00.000Z,2609,2022-05-18,05
JusticeforJohnnyDepp,2022-05-18T06:00:00.000Z,2391,2022-05-18,06
JusticeforJohnnyDepp,2022-05-18T07:00:00.000Z,2354,2022-05-18,07
JusticeforJohnnyDepp,2022-05-18T08:00:00.000Z,2189,2022-05-18,08
JusticeforJohnnyDepp,2022-05-18T09:00:00.000Z,2275,2022-05-18,09
JusticeforJohnnyDepp,2022-05-18T10:00:00.000Z,2196,2022-05-18,10
JusticeforJohnnyDepp,2022-05-18T11:00:00.000Z,2420,2022-05-18,11
JusticeforJohnnyDepp,2022-05-18T12:00:00.000Z,2734,2022-05-18,12
JusticeforJohnnyDepp,2022-05-18T13:00:00.000Z,4648,2022-05-18,13
JusticeforJohnnyDepp,2022-05-18T14:00:00.000Z,6349,2022-05-18,14
JusticeforJohnnyDepp,2022-05-18T15:00:00.000Z,6856,2022-05-18,15
JusticeforJohnnyDepp,2022-05-18T16:00:00.000Z,8188,2022-05-18,16
JusticeforJohnnyDepp,2022-05-18T17:00:00.000Z,7791,2022-05-18,17
JusticeforJohnnyDepp,2022-05-18T18:00:00.000Z,10571,2022-05-18,18
JusticeforJohnnyDepp,2022-05-18T19:00:00.000Z,8480,2022-05-18,19
JusticeforJohnnyDepp,2022-05-18T20:00:00.000Z,8417,2022-05-18,20
JusticeforJohnnyDepp,2022-05-18T21:00:00.000Z,6619,2022-05-18,21
JusticeforJohnnyDepp,2022-05-18T22:00:00.000Z,4458,2022-05-18,22
JusticeforJohnnyDepp,2022-05-18T23:00:00.000Z,3225,2022-05-18,23
JusticeforJohnnyDepp,2022-05-19T00:00:00.000Z,2823,2022-05-19,00
JusticeforJohnnyDepp,2022-05-19T01:00:00.000Z,2864,2022-05-19,01
JusticeforJohnnyDepp,2022-05-19T02:00:00.000Z,2676,2022-05-19,02
JusticeforJohnnyDepp,2022-05-19T03:00:00.000Z,2281,2022-05-19,03
JusticeforJohnnyDepp,2022-05-19T04:00:00.000Z,2029,2022-05-19,04
JusticeforJohnnyDepp,2022-05-19T05:00:00.000Z,2302,2022-05-19,05
JusticeforJohnnyDepp,2022-05-19T06:00:00.000Z,2080,2022-05-19,06
JusticeforJohnnyDepp,2022-05-19T07:00:00.000Z,1851,2022-05-19,07
JusticeforJohnnyDepp,2022-05-19T08:00:00.000Z,1773,2022-05-19,08
JusticeforJohnnyDepp,2022-05-19T09:00:00.000Z,1919,2022-05-19,09
JusticeforJohnnyDepp,2022-05-19T10:00:00.000Z,1990,2022-05-19,10
JusticeforJohnnyDepp,2022-05-19T11:00:00.000Z,2261,2022-05-19,11
JusticeforJohnnyDepp,2022-05-19T12:00:00.000Z,2808,2022-05-19,12
JusticeforJohnnyDepp,2022-05-19T13:00:00.000Z,4334,2022-05-19,13
JusticeforJohnnyDepp,2022-05-19T14:00:00.000Z,7224,2022-05-19,14
JusticeforJohnnyDepp,2022-05-19T15:00:00.000Z,6238,2022-05-19,15
JusticeforJohnnyDepp,2022-05-19T16:00:00.000Z,7275,2022-05-19,16
JusticeforJohnnyDepp,2022-05-19T17:00:00.000Z,5095,2022-05-19,17
JusticeforJohnnyDepp,2022-05-19T18:00:00.000Z,14549,2022-05-19,18
JusticeforJohnnyDepp,2022-05-19T19:00:00.000Z,11569,2022-05-19,19
JusticeforJohnnyDepp,2022-05-19T20:00:00.000Z,11791,2022-05-19,20
JusticeforJohnnyDepp,2022-05-19T21:00:00.000Z,8570,2022-05-19,21
JusticeforJohnnyDepp,2022-05-19T22:00:00.000Z,6303,2022-05-19,22
JusticeforJohnnyDepp,2022-05-19T23:00:00.000Z,5178,2022-05-19,23
JusticeforJohnnyDepp,2022-05-20T00:00:00.000Z,4327,2022-05-20,00
JusticeforJohnnyDepp,2022-05-20T01:00:00.000Z,3831,2022-05-20,01
JusticeforJohnnyDepp,2022-05-20T02:00:00.000Z,3099,2022-05-20,02
JusticeforJohnnyDepp,2022-05-20T03:00:00.000Z,3614,2022-05-20,03
JusticeforJohnnyDepp,2022-05-20T04:00:00.000Z,2788,2022-05-20,04
JusticeforJohnnyDepp,2022-05-20T05:00:00.000Z,3510,2022-05-20,05
JusticeforJohnnyDepp,2022-05-20T06:00:00.000Z,2543,2022-05-20,06
JusticeforJohnnyDepp,2022-05-20T07:00:00.000Z,2617,2022-05-20,07
JusticeforJohnnyDepp,2022-05-20T08:00:00.000Z,2386,2022-05-20,08
JusticeforJohnnyDepp,2022-05-20T09:00:00.000Z,2383,2022-05-20,09
JusticeforJohnnyDepp,2022-05-20T10:00:00.000Z,2325,2022-05-20,10
JusticeforJohnnyDepp,2022-05-20T11:00:00.000Z,2568,2022-05-20,11
JusticeforJohnnyDepp,2022-05-20T12:00:00.000Z,3248,2022-05-20,12
JusticeforJohnnyDepp,2022-05-20T13:00:00.000Z,3094,2022-05-20,13
JusticeforJohnnyDepp,2022-05-20T14:00:00.000Z,3887,2022-05-20,14
JusticeforJohnnyDepp,2022-05-20T15:00:00.000Z,4002,2022-05-20,15
JusticeforJohnnyDepp,2022-05-20T16:00:00.000Z,4417,2022-05-20,16
JusticeforJohnnyDepp,2022-05-20T17:00:00.000Z,4168,2022-05-20,17
JusticeforJohnnyDepp,2022-05-20T18:00:00.000Z,4489,2022-05-20,18
JusticeforJohnnyDepp,2022-05-20T19:00:00.000Z,4194,2022-05-20,19
JusticeforJohnnyDepp,2022-05-20T20:00:00.000Z,3742,2022-05-20,20
JusticeforJohnnyDepp,2022-05-20T21:00:00.000Z,3739,2022-05-20,21
JusticeforJohnnyDepp,2022-05-20T22:00:00.000Z,3435,2022-05-20,22
JusticeforJohnnyDepp,2022-05-20T23:00:00.000Z,3059,2022-05-20,23
AmberHeardIsAnAbuser,2022-05-15T00:00:00.000Z,138,2022-05-15,00
AmberHeardIsAnAbuser,2022-05-15T01:00:00.000Z,122,2022-05-15,01
AmberHeardIsAnAbuser,2022-05-15T02:00:00.000Z,169,2022-05-15,02
AmberHeardIsAnAbuser,2022-05-15T03:00:00.000Z,124,2022-05-15,03
AmberHeardIsAnAbuser,2022-05-15T04:00:00.000Z,98,2022-05-15,04
AmberHeardIsAnAbuser,2022-05-15T05:00:00.000Z,84,2022-05-15,05
AmberHeardIsAnAbuser,2022-05-15T06:00:00.000Z,91,2022-05-15,06
AmberHeardIsAnAbuser,2022-05-15T07:00:00.000Z,105,2022-05-15,07
AmberHeardIsAnAbuser,2022-05-15T08:00:00.000Z,90,2022-05-15,08
AmberHeardIsAnAbuser,2022-05-15T09:00:00.000Z,114,2022-05-15,09
AmberHeardIsAnAbuser,2022-05-15T10:00:00.000Z,93,2022-05-15,10
AmberHeardIsAnAbuser,2022-05-15T11:00:00.000Z,142,2022-05-15,11
AmberHeardIsAnAbuser,2022-05-15T12:00:00.000Z,140,2022-05-15,12
AmberHeardIsAnAbuser,2022-05-15T13:00:00.000Z,101,2022-05-15,13
AmberHeardIsAnAbuser,2022-05-15T14:00:00.000Z,140,2022-05-15,14
AmberHeardIsAnAbuser,2022-05-15T15:00:00.000Z,151,2022-05-15,15
AmberHeardIsAnAbuser,2022-05-15T16:00:00.000Z,194,2022-05-15,16
AmberHeardIsAnAbuser,2022-05-15T17:00:00.000Z,207,2022-05-15,17
AmberHeardIsAnAbuser,2022-05-15T18:00:00.000Z,154,2022-05-15,18
AmberHeardIsAnAbuser,2022-05-15T19:00:00.000Z,204,2022-05-15,19
AmberHeardIsAnAbuser,2022-05-15T20:00:00.000Z,180,2022-05-15,20
AmberHeardIsAnAbuser,2022-05-15T21:00:00.000Z,227,2022-05-15,21
AmberHeardIsAnAbuser,2022-05-15T22:00:00.000Z,220,2022-05-15,22
AmberHeardIsAnAbuser,2022-05-15T23:00:00.000Z,131,2022-05-15,23
AmberHeardIsAnAbuser,2022-05-16T00:00:00.000Z,141,2022-05-16,00
AmberHeardIsAnAbuser,2022-05-16T01:00:00.000Z,174,2022-05-16,01
AmberHeardIsAnAbuser,2022-05-16T02:00:00.000Z,149,2022-05-16,02
AmberHeardIsAnAbuser,2022-05-16T03:00:00.000Z,112,2022-05-16,03
AmberHeardIsAnAbuser,2022-05-16T04:00:00.000Z,135,2022-05-16,04
AmberHeardIsAnAbuser,2022-05-16T05:00:00.000Z,73,2022-05-16,05
AmberHeardIsAnAbuser,2022-05-16T06:00:00.000Z,58,2022-05-16,06
AmberHeardIsAnAbuser,2022-05-16T07:00:00.000Z,90,2022-05-16,07
AmberHeardIsAnAbuser,2022-05-16T08:00:00.000Z,73,2022-05-16,08
AmberHeardIsAnAbuser,2022-05-16T09:00:00.000Z,56,2022-05-16,09
AmberHeardIsAnAbuser,2022-05-16T10:00:00.000Z,75,2022-05-16,10
AmberHeardIsAnAbuser,2022-05-16T11:00:00.000Z,104,2022-05-16,11
AmberHeardIsAnAbuser,2022-05-16T12:00:00.000Z,206,2022-05-16,12
AmberHeardIsAnAbuser,2022-05-16T13:00:00.000Z,1000,2022-05-16,13
AmberHeardIsAnAbuser,2022-05-16T14:00:00.000Z,1472,2022-05-16,14
AmberHeardIsAnAbuser,2022-05-16T15:00:00.000Z,1450,2022-05-16,15
AmberHeardIsAnAbuser,2022-05-16T16:00:00.000Z,1150,2022-05-16,16
AmberHeardIsAnAbuser,2022-05-16T17:00:00.000Z,852,2022-05-16,17
AmberHeardIsAnAbuser,2022-05-16T18:00:00.000Z,1439,2022-05-16,18
AmberHeardIsAnAbuser,2022-05-16T19:00:00.000Z,1050,2022-05-16,19
AmberHeardIsAnAbuser,2022-05-16T20:00:00.000Z,1233,2022-05-16,20
AmberHeardIsAnAbuser,2022-05-16T21:00:00.000Z,1445,2022-05-16,21
AmberHeardIsAnAbuser,2022-05-16T22:00:00.000Z,862,2022-05-16,22
AmberHeardIsAnAbuser,2022-05-16T23:00:00.000Z,557,2022-05-16,23
AmberHeardIsAnAbuser,2022-05-17T00:00:00.000Z,588,2022-05-17,00
AmberHeardIsAnAbuser,2022-05-17T01:00:00.000Z,484,2022-05-17,01
AmberHeardIsAnAbuser,2022-05-17T02:00:00.000Z,401,2022-05-17,02
AmberHeardIsAnAbuser,2022-05-17T03:00:00.000Z,502,2022-05-17,03
AmberHeardIsAnAbuser,2022-05-17T04:00:00.000Z,367,2022-05-17,04
AmberHeardIsAnAbuser,2022-05-17T05:00:00.000Z,286,2022-05-17,05
AmberHeardIsAnAbuser,2022-05-17T06:00:00.000Z,260,2022-05-17,06
AmberHeardIsAnAbuser,2022-05-17T07:00:00.000Z,225,2022-05-17,07
AmberHeardIsAnAbuser,2022-05-17T08:00:00.000Z,177,2022-05-17,08
AmberHeardIsAnAbuser,2022-05-17T09:00:00.000Z,188,2022-05-17,09
AmberHeardIsAnAbuser,2022-05-17T10:00:00.000Z,197,2022-05-17,10
AmberHeardIsAnAbuser,2022-05-17T11:00:00.000Z,227,2022-05-17,11
AmberHeardIsAnAbuser,2022-05-17T12:00:00.000Z,306,2022-05-17,12
AmberHeardIsAnAbuser,2022-05-17T13:00:00.000Z,682,2022-05-17,13
AmberHeardIsAnAbuser,2022-05-17T14:00:00.000Z,687,2022-05-17,14
AmberHeardIsAnAbuser,2022-05-17T15:00:00.000Z,898,2022-05-17,15
AmberHeardIsAnAbuser,2022-05-17T16:00:00.000Z,802,2022-05-17,16
AmberHeardIsAnAbuser,2022-05-17T17:00:00.000Z,532,2022-05-17,17
AmberHeardIsAnAbuser,2022-05-17T18:00:00.000Z,1128,2022-05-17,18
AmberHeardIsAnAbuser,2022-05-17T19:00:00.000Z,1158,2022-05-17,19
AmberHeardIsAnAbuser,2022-05-17T20:00:00.000Z,835,2022-05-17,20
AmberHeardIsAnAbuser,2022-05-17T21:00:00.000Z,604,2022-05-17,21
AmberHeardIsAnAbuser,2022-05-17T22:00:00.000Z,417,2022-05-17,22
AmberHeardIsAnAbuser,2022-05-17T23:00:00.000Z,271,2022-05-17,23
AmberHeardIsAnAbuser,2022-05-18T00:00:00.000Z,304,2022-05-18,00
AmberHeardIsAnAbuser,2022-05-18T01:00:00.000Z,304,2022-05-18,01
AmberHeardIsAnAbuser,2022-05-18T02:00:00.000Z,214,2022-05-18,02
AmberHeardIsAnAbuser,2022-05-18T03:00:00.000Z,239,2022-05-18,03
AmberHeardIsAnAbuser,2022-05-18T04:00:00.000Z,208,2022-05-18,04
AmberHeardIsAnAbuser,2022-05-18T05:00:00.000Z,143,2022-05-18,05
AmberHeardIsAnAbuser,2022-05-18T06:00:00.000Z,134,2022-05-18,06
AmberHeardIsAnAbuser,2022-05-18T07:00:00.000Z,164,2022-05-18,07
AmberHeardIsAnAbuser,2022-05-18T08:00:00.000Z,156,2022-05-18,08
AmberHeardIsAnAbuser,2022-05-18T09:00:00.000Z,175,2022-05-18,09
AmberHeardIsAnAbuser,2022-05-18T10:00:00.000Z,227,2022-05-18,10
AmberHeardIsAnAbuser,2022-05-18T11:00:00.000Z,191,2022-05-18,11
AmberHeardIsAnAbuser,2022-05-18T12:00:00.000Z,149,2022-05-18,12
AmberHeardIsAnAbuser,2022-05-18T13:00:00.000Z,287,2022-05-18,13
AmberHeardIsAnAbuser,2022-05-18T14:00:00.000Z,473,2022-05-18,14
AmberHeardIsAnAbuser,2022-05-18T15:00:00.000Z,558,2022-05-18,15
AmberHeardIsAnAbuser,2022-05-18T16:00:00.000Z,490,2022-05-18,16
AmberHeardIsAnAbuser,2022-05-18T17:00:00.000Z,389,2022-05-18,17
AmberHeardIsAnAbuser,2022-05-18T18:00:00.000Z,600,2022-05-18,18
AmberHeardIsAnAbuser,2022-05-18T19:00:00.000Z,532,2022-05-18,19
AmberHeardIsAnAbuser,2022-05-18T20:00:00.000Z,660,2022-05-18,20
AmberHeardIsAnAbuser,2022-05-18T21:00:00.000Z,438,2022-05-18,21
AmberHeardIsAnAbuser,2022-05-18T22:00:00.000Z,193,2022-05-18,22
AmberHeardIsAnAbuser,2022-05-18T23:00:00.000Z,175,2022-05-18,23
AmberHeardIsAnAbuser,2022-05-19T00:00:00.000Z,192,2022-05-19,00
AmberHeardIsAnAbuser,2022-05-19T01:00:00.000Z,270,2022-05-19,01
AmberHeardIsAnAbuser,2022-05-19T02:00:00.000Z,210,2022-05-19,02
AmberHeardIsAnAbuser,2022-05-19T03:00:00.000Z,197,2022-05-19,03
AmberHeardIsAnAbuser,2022-05-19T04:00:00.000Z,188,2022-05-19,04
AmberHeardIsAnAbuser,2022-05-19T05:00:00.000Z,121,2022-05-19,05
AmberHeardIsAnAbuser,2022-05-19T06:00:00.000Z,108,2022-05-19,06
AmberHeardIsAnAbuser,2022-05-19T07:00:00.000Z,137,2022-05-19,07
AmberHeardIsAnAbuser,2022-05-19T08:00:00.000Z,184,2022-05-19,08
AmberHeardIsAnAbuser,2022-05-19T09:00:00.000Z,82,2022-05-19,09
AmberHeardIsAnAbuser,2022-05-19T10:00:00.000Z,142,2022-05-19,10
AmberHeardIsAnAbuser,2022-05-19T11:00:00.000Z,192,2022-05-19,11
AmberHeardIsAnAbuser,2022-05-19T12:00:00.000Z,211,2022-05-19,12
AmberHeardIsAnAbuser,2022-05-19T13:00:00.000Z,323,2022-05-19,13
AmberHeardIsAnAbuser,2022-05-19T14:00:00.000Z,563,2022-05-19,14
AmberHeardIsAnAbuser,2022-05-19T15:00:00.000Z,529,2022-05-19,15
AmberHeardIsAnAbuser,2022-05-19T16:00:00.000Z,484,2022-05-19,16
AmberHeardIsAnAbuser,2022-05-19T17:00:00.000Z,307,2022-05-19,17
AmberHeardIsAnAbuser,2022-05-19T18:00:00.000Z,3046,2022-05-19,18
AmberHeardIsAnAbuser,2022-05-19T19:00:00.000Z,1907,2022-05-19,19
AmberHeardIsAnAbuser,2022-05-19T20:00:00.000Z,1772,2022-05-19,20
AmberHeardIsAnAbuser,2022-05-19T21:00:00.000Z,1007,2022-05-19,21
AmberHeardIsAnAbuser,2022-05-19T22:00:00.000Z,816,2022-05-19,22
AmberHeardIsAnAbuser,2022-05-19T23:00:00.000Z,732,2022-05-19,23
AmberHeardIsAnAbuser,2022-05-20T00:00:00.000Z,624,2022-05-20,00
AmberHeardIsAnAbuser,2022-05-20T01:00:00.000Z,675,2022-05-20,01
AmberHeardIsAnAbuser,2022-05-20T02:00:00.000Z,569,2022-05-20,02
AmberHeardIsAnAbuser,2022-05-20T03:00:00.000Z,545,2022-05-20,03
AmberHeardIsAnAbuser,2022-05-20T04:00:00.000Z,419,2022-05-20,04
AmberHeardIsAnAbuser,2022-05-20T05:00:00.000Z,363,2022-05-20,05
AmberHeardIsAnAbuser,2022-05-20T06:00:00.000Z,323,2022-05-20,06
AmberHeardIsAnAbuser,2022-05-20T07:00:00.000Z,322,2022-05-20,07
AmberHeardIsAnAbuser,2022-05-20T08:00:00.000Z,304,2022-05-20,08
AmberHeardIsAnAbuser,2022-05-20T09:00:00.000Z,305,2022-05-20,09
AmberHeardIsAnAbuser,2022-05-20T10:00:00.000Z,290,2022-05-20,10
AmberHeardIsAnAbuser,2022-05-20T11:00:00.000Z,347,2022-05-20,11
AmberHeardIsAnAbuser,2022-05-20T12:00:00.000Z,412,2022-05-20,12
AmberHeardIsAnAbuser,2022-05-20T13:00:00.000Z,296,2022-05-20,13
AmberHeardIsAnAbuser,2022-05-20T14:00:00.000Z,335,2022-05-20,14
AmberHeardIsAnAbuser,2022-05-20T15:00:00.000Z,299,2022-05-20,15
AmberHeardIsAnAbuser,2022-05-20T16:00:00.000Z,384,2022-05-20,16
AmberHeardIsAnAbuser,2022-05-20T17:00:00.000Z,505,2022-05-20,17
AmberHeardIsAnAbuser,2022-05-20T18:00:00.000Z,286,2022-05-20,18
AmberHeardIsAnAbuser,2022-05-20T19:00:00.000Z,222,2022-05-20,19
AmberHeardIsAnAbuser,2022-05-20T20:00:00.000Z,188,2022-05-20,20
AmberHeardIsAnAbuser,2022-05-20T21:00:00.000Z,217,2022-05-20,21
AmberHeardIsAnAbuser,2022-05-20T22:00:00.000Z,262,2022-05-20,22
AmberHeardIsAnAbuser,2022-05-20T23:00:00.000Z,223,2022-05-20,23
AmberHeardIsALiar,2022-05-15T00:00:00.000Z,147,2022-05-15,00
AmberHeardIsALiar,2022-05-15T01:00:00.000Z,230,2022-05-15,01
AmberHeardIsALiar,2022-05-15T02:00:00.000Z,309,2022-05-15,02
AmberHeardIsALiar,2022-05-15T03:00:00.000Z,276,2022-05-15,03
AmberHeardIsALiar,2022-05-15T04:00:00.000Z,181,2022-05-15,04
AmberHeardIsALiar,2022-05-15T05:00:00.000Z,125,2022-05-15,05
AmberHeardIsALiar,2022-05-15T06:00:00.000Z,162,2022-05-15,06
AmberHeardIsALiar,2022-05-15T07:00:00.000Z,157,2022-05-15,07
AmberHeardIsALiar,2022-05-15T08:00:00.000Z,113,2022-05-15,08
AmberHeardIsALiar,2022-05-15T09:00:00.000Z,161,2022-05-15,09
AmberHeardIsALiar,2022-05-15T10:00:00.000Z,95,2022-05-15,10
AmberHeardIsALiar,2022-05-15T11:00:00.000Z,104,2022-05-15,11
AmberHeardIsALiar,2022-05-15T12:00:00.000Z,151,2022-05-15,12
AmberHeardIsALiar,2022-05-15T13:00:00.000Z,204,2022-05-15,13
AmberHeardIsALiar,2022-05-15T14:00:00.000Z,229,2022-05-15,14
AmberHeardIsALiar,2022-05-15T15:00:00.000Z,257,2022-05-15,15
AmberHeardIsALiar,2022-05-15T16:00:00.000Z,208,2022-05-15,16
AmberHeardIsALiar,2022-05-15T17:00:00.000Z,220,2022-05-15,17
AmberHeardIsALiar,2022-05-15T18:00:00.000Z,247,2022-05-15,18
AmberHeardIsALiar,2022-05-15T19:00:00.000Z,274,2022-05-15,19
AmberHeardIsALiar,2022-05-15T20:00:00.000Z,303,2022-05-15,20
AmberHeardIsALiar,2022-05-15T21:00:00.000Z,152,2022-05-15,21
AmberHeardIsALiar,2022-05-15T22:00:00.000Z,135,2022-05-15,22
AmberHeardIsALiar,2022-05-15T23:00:00.000Z,163,2022-05-15,23
AmberHeardIsALiar,2022-05-16T00:00:00.000Z,231,2022-05-16,00
AmberHeardIsALiar,2022-05-16T01:00:00.000Z,301,2022-05-16,01
AmberHeardIsALiar,2022-05-16T02:00:00.000Z,267,2022-05-16,02
AmberHeardIsALiar,2022-05-16T03:00:00.000Z,229,2022-05-16,03
AmberHeardIsALiar,2022-05-16T04:00:00.000Z,255,2022-05-16,04
AmberHeardIsALiar,2022-05-16T05:00:00.000Z,242,2022-05-16,05
AmberHeardIsALiar,2022-05-16T06:00:00.000Z,186,2022-05-16,06
AmberHeardIsALiar,2022-05-16T07:00:00.000Z,154,2022-05-16,07
AmberHeardIsALiar,2022-05-16T08:00:00.000Z,131,2022-05-16,08
AmberHeardIsALiar,2022-05-16T09:00:00.000Z,148,2022-05-16,09
AmberHeardIsALiar,2022-05-16T10:00:00.000Z,226,2022-05-16,10
AmberHeardIsALiar,2022-05-16T11:00:00.000Z,226,2022-05-16,11
AmberHeardIsALiar,2022-05-16T12:00:00.000Z,392,2022-05-16,12
AmberHeardIsALiar,2022-05-16T13:00:00.000Z,2540,2022-05-16,13
AmberHeardIsALiar,2022-05-16T14:00:00.000Z,3516,2022-05-16,14
AmberHeardIsALiar,2022-05-16T15:00:00.000Z,6232,2022-05-16,15
AmberHeardIsALiar,2022-05-16T16:00:00.000Z,7513,2022-05-16,16
AmberHeardIsALiar,2022-05-16T17:00:00.000Z,4837,2022-05-16,17
AmberHeardIsALiar,2022-05-16T18:00:00.000Z,10849,2022-05-16,18
AmberHeardIsALiar,2022-05-16T19:00:00.000Z,8158,2022-05-16,19
AmberHeardIsALiar,2022-05-16T20:00:00.000Z,10863,2022-05-16,20
AmberHeardIsALiar,2022-05-16T21:00:00.000Z,9513,2022-05-16,21
AmberHeardIsALiar,2022-05-16T22:00:00.000Z,5646,2022-05-16,22
AmberHeardIsALiar,2022-05-16T23:00:00.000Z,3718,2022-05-16,23
AmberHeardIsALiar,2022-05-17T00:00:00.000Z,3066,2022-05-17,00
AmberHeardIsALiar,2022-05-17T01:00:00.000Z,2891,2022-05-17,01
AmberHeardIsALiar,2022-05-17T02:00:00.000Z,2463,2022-05-17,02
AmberHeardIsALiar,2022-05-17T03:00:00.000Z,2102,2022-05-17,03
AmberHeardIsALiar,2022-05-17T04:00:00.000Z,1555,2022-05-17,04
AmberHeardIsALiar,2022-05-17T05:00:00.000Z,1174,2022-05-17,05
AmberHeardIsALiar,2022-05-17T06:00:00.000Z,1129,2022-05-17,06
AmberHeardIsALiar,2022-05-17T07:00:00.000Z,979,2022-05-17,07
AmberHeardIsALiar,2022-05-17T08:00:00.000Z,903,2022-05-17,08
AmberHeardIsALiar,2022-05-17T09:00:00.000Z,1321,2022-05-17,09
AmberHeardIsALiar,2022-05-17T10:00:00.000Z,1283,2022-05-17,10
AmberHeardIsALiar,2022-05-17T11:00:00.000Z,1293,2022-05-17,11
AmberHeardIsALiar,2022-05-17T12:00:00.000Z,1681,2022-05-17,12
AmberHeardIsALiar,2022-05-17T13:00:00.000Z,4267,2022-05-17,13
AmberHeardIsALiar,2022-05-17T14:00:00.000Z,5449,2022-05-17,14
AmberHeardIsALiar,2022-05-17T15:00:00.000Z,6266,2022-05-17,15
AmberHeardIsALiar,2022-05-17T16:00:00.000Z,5370,2022-05-17,16
AmberHeardIsALiar,2022-05-17T17:00:00.000Z,3549,2022-05-17,17
AmberHeardIsALiar,2022-05-17T18:00:00.000Z,6038,2022-05-17,18
AmberHeardIsALiar,2022-05-17T19:00:00.000Z,6634,2022-05-17,19
AmberHeardIsALiar,2022-05-17T20:00:00.000Z,3928,2022-05-17,20
AmberHeardIsALiar,2022-05-17T21:00:00.000Z,2380,2022-05-17,21
AmberHeardIsALiar,2022-05-17T22:00:00.000Z,1916,2022-05-17,22
AmberHeardIsALiar,2022-05-17T23:00:00.000Z,2019,2022-05-17,23
AmberHeardIsALiar,2022-05-18T00:00:00.000Z,1869,2022-05-18,00
AmberHeardIsALiar,2022-05-18T01:00:00.000Z,1706,2022-05-18,01
AmberHeardIsALiar,2022-05-18T02:00:00.000Z,1247,2022-05-18,02
AmberHeardIsALiar,2022-05-18T03:00:00.000Z,1109,2022-05-18,03
AmberHeardIsALiar,2022-05-18T04:00:00.000Z,1101,2022-05-18,04
AmberHeardIsALiar,2022-05-18T05:00:00.000Z,857,2022-05-18,05
AmberHeardIsALiar,2022-05-18T06:00:00.000Z,615,2022-05-18,06
AmberHeardIsALiar,2022-05-18T07:00:00.000Z,802,2022-05-18,07
AmberHeardIsALiar,2022-05-18T08:00:00.000Z,829,2022-05-18,08
AmberHeardIsALiar,2022-05-18T09:00:00.000Z,953,2022-05-18,09
AmberHeardIsALiar,2022-05-18T10:00:00.000Z,970,2022-05-18,10
AmberHeardIsALiar,2022-05-18T11:00:00.000Z,1251,2022-05-18,11
AmberHeardIsALiar,2022-05-18T12:00:00.000Z,1400,2022-05-18,12
AmberHeardIsALiar,2022-05-18T13:00:00.000Z,2352,2022-05-18,13
AmberHeardIsALiar,2022-05-18T14:00:00.000Z,3578,2022-05-18,14
AmberHeardIsALiar,2022-05-18T15:00:00.000Z,3676,2022-05-18,15
AmberHeardIsALiar,2022-05-18T16:00:00.000Z,3892,2022-05-18,16
AmberHeardIsALiar,2022-05-18T17:00:00.000Z,3882,2022-05-18,17
AmberHeardIsALiar,2022-05-18T18:00:00.000Z,6197,2022-05-18,18
AmberHeardIsALiar,2022-05-18T19:00:00.000Z,4037,2022-05-18,19
AmberHeardIsALiar,2022-05-18T20:00:00.000Z,4635,2022-05-18,20
AmberHeardIsALiar,2022-05-18T21:00:00.000Z,3283,2022-05-18,21
AmberHeardIsALiar,2022-05-18T22:00:00.000Z,2116,2022-05-18,22
AmberHeardIsALiar,2022-05-18T23:00:00.000Z,1955,2022-05-18,23
AmberHeardIsALiar,2022-05-19T00:00:00.000Z,1838,2022-05-19,00
AmberHeardIsALiar,2022-05-19T01:00:00.000Z,1771,2022-05-19,01
AmberHeardIsALiar,2022-05-19T02:00:00.000Z,1475,2022-05-19,02
AmberHeardIsALiar,2022-05-19T03:00:00.000Z,1255,2022-05-19,03
AmberHeardIsALiar,2022-05-19T04:00:00.000Z,1092,2022-05-19,04
AmberHeardIsALiar,2022-05-19T05:00:00.000Z,1092,2022-05-19,05
AmberHeardIsALiar,2022-05-19T06:00:00.000Z,1059,2022-05-19,06
AmberHeardIsALiar,2022-05-19T07:00:00.000Z,1020,2022-05-19,07
AmberHeardIsALiar,2022-05-19T08:00:00.000Z,913,2022-05-19,08
AmberHeardIsALiar,2022-05-19T09:00:00.000Z,971,2022-05-19,09
AmberHeardIsALiar,2022-05-19T10:00:00.000Z,1109,2022-05-19,10
AmberHeardIsALiar,2022-05-19T11:00:00.000Z,1282,2022-05-19,11
AmberHeardIsALiar,2022-05-19T12:00:00.000Z,1274,2022-05-19,12
AmberHeardIsALiar,2022-05-19T13:00:00.000Z,1794,2022-05-19,13
AmberHeardIsALiar,2022-05-19T14:00:00.000Z,2854,2022-05-19,14
AmberHeardIsALiar,2022-05-19T15:00:00.000Z,2760,2022-05-19,15
AmberHeardIsALiar,2022-05-19T16:00:00.000Z,3305,2022-05-19,16
AmberHeardIsALiar,2022-05-19T17:00:00.000Z,2336,2022-05-19,17
AmberHeardIsALiar,2022-05-19T18:00:00.000Z,6351,2022-05-19,18
AmberHeardIsALiar,2022-05-19T19:00:00.000Z,5024,2022-05-19,19
AmberHeardIsALiar,2022-05-19T20:00:00.000Z,3806,2022-05-19,20
AmberHeardIsALiar,2022-05-19T21:00:00.000Z,2807,2022-05-19,21
AmberHeardIsALiar,2022-05-19T22:00:00.000Z,2121,2022-05-19,22
AmberHeardIsALiar,2022-05-19T23:00:00.000Z,1779,2022-05-19,23
AmberHeardIsALiar,2022-05-20T00:00:00.000Z,1824,2022-05-20,00
AmberHeardIsALiar,2022-05-20T01:00:00.000Z,1665,2022-05-20,01
AmberHeardIsALiar,2022-05-20T02:00:00.000Z,1499,2022-05-20,02
AmberHeardIsALiar,2022-05-20T03:00:00.000Z,1542,2022-05-20,03
AmberHeardIsALiar,2022-05-20T04:00:00.000Z,1229,2022-05-20,04
AmberHeardIsALiar,2022-05-20T05:00:00.000Z,979,2022-05-20,05
AmberHeardIsALiar,2022-05-20T06:00:00.000Z,897,2022-05-20,06
AmberHeardIsALiar,2022-05-20T07:00:00.000Z,699,2022-05-20,07
AmberHeardIsALiar,2022-05-20T08:00:00.000Z,604,2022-05-20,08
AmberHeardIsALiar,2022-05-20T09:00:00.000Z,630,2022-05-20,09
AmberHeardIsALiar,2022-05-20T10:00:00.000Z,727,2022-05-20,10
AmberHeardIsALiar,2022-05-20T11:00:00.000Z,1000,2022-05-20,11
AmberHeardIsALiar,2022-05-20T12:00:00.000Z,748,2022-05-20,12
AmberHeardIsALiar,2022-05-20T13:00:00.000Z,1039,2022-05-20,13
AmberHeardIsALiar,2022-05-20T14:00:00.000Z,1272,2022-05-20,14
AmberHeardIsALiar,2022-05-20T15:00:00.000Z,1231,2022-05-20,15
AmberHeardIsALiar,2022-05-20T16:00:00.000Z,1414,2022-05-20,16
AmberHeardIsALiar,2022-05-20T17:00:00.000Z,1338,2022-05-20,17
AmberHeardIsALiar,2022-05-20T18:00:00.000Z,1259,2022-05-20,18
AmberHeardIsALiar,2022-05-20T19:00:00.000Z,1051,2022-05-20,19
AmberHeardIsALiar,2022-05-20T20:00:00.000Z,1103,2022-05-20,20
AmberHeardIsALiar,2022-05-20T21:00:00.000Z,1305,2022-05-20,21
AmberHeardIsALiar,2022-05-20T22:00:00.000Z,1043,2022-05-20,22
AmberHeardIsALiar,2022-05-20T23:00:00.000Z,895,2022-05-20,23
JohnnyDeppIsInnocent,2022-05-15T00:00:00.000Z,142,2022-05-15,00
JohnnyDeppIsInnocent,2022-05-15T01:00:00.000Z,116,2022-05-15,01
JohnnyDeppIsInnocent,2022-05-15T02:00:00.000Z,255,2022-05-15,02
JohnnyDeppIsInnocent,2022-05-15T03:00:00.000Z,176,2022-05-15,03
JohnnyDeppIsInnocent,2022-05-15T04:00:00.000Z,78,2022-05-15,04
JohnnyDeppIsInnocent,2022-05-15T05:00:00.000Z,70,2022-05-15,05
JohnnyDeppIsInnocent,2022-05-15T06:00:00.000Z,74,2022-05-15,06
JohnnyDeppIsInnocent,2022-05-15T07:00:00.000Z,98,2022-05-15,07
JohnnyDeppIsInnocent,2022-05-15T08:00:00.000Z,74,2022-05-15,08
JohnnyDeppIsInnocent,2022-05-15T09:00:00.000Z,101,2022-05-15,09
JohnnyDeppIsInnocent,2022-05-15T10:00:00.000Z,78,2022-05-15,10
JohnnyDeppIsInnocent,2022-05-15T11:00:00.000Z,68,2022-05-15,11
JohnnyDeppIsInnocent,2022-05-15T12:00:00.000Z,95,2022-05-15,12
JohnnyDeppIsInnocent,2022-05-15T13:00:00.000Z,116,2022-05-15,13
JohnnyDeppIsInnocent,2022-05-15T14:00:00.000Z,103,2022-05-15,14
JohnnyDeppIsInnocent,2022-05-15T15:00:00.000Z,120,2022-05-15,15
JohnnyDeppIsInnocent,2022-05-15T16:00:00.000Z,119,2022-05-15,16
JohnnyDeppIsInnocent,2022-05-15T17:00:00.000Z,133,2022-05-15,17
JohnnyDeppIsInnocent,2022-05-15T18:00:00.000Z,109,2022-05-15,18
JohnnyDeppIsInnocent,2022-05-15T19:00:00.000Z,114,2022-05-15,19
JohnnyDeppIsInnocent,2022-05-15T20:00:00.000Z,139,2022-05-15,20
JohnnyDeppIsInnocent,2022-05-15T21:00:00.000Z,191,2022-05-15,21
JohnnyDeppIsInnocent,2022-05-15T22:00:00.000Z,156,2022-05-15,22
JohnnyDeppIsInnocent,2022-05-15T23:00:00.000Z,128,2022-05-15,23
JohnnyDeppIsInnocent,2022-05-16T00:00:00.000Z,117,2022-05-16,00
JohnnyDeppIsInnocent,2022-05-16T01:00:00.000Z,117,2022-05-16,01
JohnnyDeppIsInnocent,2022-05-16T02:00:00.000Z,116,2022-05-16,02
JohnnyDeppIsInnocent,2022-05-16T03:00:00.000Z,97,2022-05-16,03
JohnnyDeppIsInnocent,2022-05-16T04:00:00.000Z,92,2022-05-16,04
JohnnyDeppIsInnocent,2022-05-16T05:00:00.000Z,136,2022-05-16,05
JohnnyDeppIsInnocent,2022-05-16T06:00:00.000Z,104,2022-05-16,06
JohnnyDeppIsInnocent,2022-05-16T07:00:00.000Z,72,2022-05-16,07
JohnnyDeppIsInnocent,2022-05-16T08:00:00.000Z,114,2022-05-16,08
JohnnyDeppIsInnocent,2022-05-16T09:00:00.000Z,60,2022-05-16,09
JohnnyDeppIsInnocent,2022-05-16T10:00:00.000Z,106,2022-05-16,10
JohnnyDeppIsInnocent,2022-05-16T11:00:00.000Z,106,2022-05-16,11
JohnnyDeppIsInnocent,2022-05-16T12:00:00.000Z,190,2022-05-16,12
JohnnyDeppIsInnocent,2022-05-16T13:00:00.000Z,540,2022-05-16,13
JohnnyDeppIsInnocent,2022-05-16T14:00:00.000Z,628,2022-05-16,14
JohnnyDeppIsInnocent,2022-05-16T15:00:00.000Z,541,2022-05-16,15
JohnnyDeppIsInnocent,2022-05-16T16:00:00.000Z,530,2022-05-16,16
JohnnyDeppIsInnocent,2022-05-16T17:00:00.000Z,625,2022-05-16,17
JohnnyDeppIsInnocent,2022-05-16T18:00:00.000Z,808,2022-05-16,18
JohnnyDeppIsInnocent,2022-05-16T19:00:00.000Z,604,2022-05-16,19
JohnnyDeppIsInnocent,2022-05-16T20:00:00.000Z,721,2022-05-16,20
JohnnyDeppIsInnocent,2022-05-16T21:00:00.000Z,793,2022-05-16,21
JohnnyDeppIsInnocent,2022-05-16T22:00:00.000Z,455,2022-05-16,22
JohnnyDeppIsInnocent,2022-05-16T23:00:00.000Z,283,2022-05-16,23
JohnnyDeppIsInnocent,2022-05-17T00:00:00.000Z,255,2022-05-17,00
JohnnyDeppIsInnocent,2022-05-17T01:00:00.000Z,246,2022-05-17,01
JohnnyDeppIsInnocent,2022-05-17T02:00:00.000Z,189,2022-05-17,02
JohnnyDeppIsInnocent,2022-05-17T03:00:00.000Z,246,2022-05-17,03
JohnnyDeppIsInnocent,2022-05-17T04:00:00.000Z,136,2022-05-17,04
JohnnyDeppIsInnocent,2022-05-17T05:00:00.000Z,137,2022-05-17,05
JohnnyDeppIsInnocent,2022-05-17T06:00:00.000Z,130,2022-05-17,06
JohnnyDeppIsInnocent,2022-05-17T07:00:00.000Z,108,2022-05-17,07
JohnnyDeppIsInnocent,2022-05-17T08:00:00.000Z,116,2022-05-17,08
JohnnyDeppIsInnocent,2022-05-17T09:00:00.000Z,113,2022-05-17,09
JohnnyDeppIsInnocent,2022-05-17T10:00:00.000Z,104,2022-05-17,10
JohnnyDeppIsInnocent,2022-05-17T11:00:00.000Z,143,2022-05-17,11
JohnnyDeppIsInnocent,2022-05-17T12:00:00.000Z,195,2022-05-17,12
JohnnyDeppIsInnocent,2022-05-17T13:00:00.000Z,375,2022-05-17,13
JohnnyDeppIsInnocent,2022-05-17T14:00:00.000Z,281,2022-05-17,14
JohnnyDeppIsInnocent,2022-05-17T15:00:00.000Z,373,2022-05-17,15
JohnnyDeppIsInnocent,2022-05-17T16:00:00.000Z,395,2022-05-17,16
JohnnyDeppIsInnocent,2022-05-17T17:00:00.000Z,254,2022-05-17,17
JohnnyDeppIsInnocent,2022-05-17T18:00:00.000Z,643,2022-05-17,18
JohnnyDeppIsInnocent,2022-05-17T19:00:00.000Z,948,2022-05-17,19
JohnnyDeppIsInnocent,2022-05-17T20:00:00.000Z,727,2022-05-17,20
JohnnyDeppIsInnocent,2022-05-17T21:00:00.000Z,375,2022-05-17,21
JohnnyDeppIsInnocent,2022-05-17T22:00:00.000Z,240,2022-05-17,22
JohnnyDeppIsInnocent,2022-05-17T23:00:00.000Z,287,2022-05-17,23
JohnnyDeppIsInnocent,2022-05-18T00:00:00.000Z,363,2022-05-18,00
JohnnyDeppIsInnocent,2022-05-18T01:00:00.000Z,363,2022-05-18,01
JohnnyDeppIsInnocent,2022-05-18T02:00:00.000Z,264,2022-05-18,02
JohnnyDeppIsInnocent,2022-05-18T03:00:00.000Z,266,2022-05-18,03
JohnnyDeppIsInnocent,2022-05-18T04:00:00.000Z,156,2022-05-18,04
JohnnyDeppIsInnocent,2022-05-18T05:00:00.000Z,129,2022-05-18,05
JohnnyDeppIsInnocent,2022-05-18T06:00:00.000Z,87,2022-05-18,06
JohnnyDeppIsInnocent,2022-05-18T07:00:00.000Z,69,2022-05-18,07
JohnnyDeppIsInnocent,2022-05-18T08:00:00.000Z,79,2022-05-18,08
JohnnyDeppIsInnocent,2022-05-18T09:00:00.000Z,54,2022-05-18,09
JohnnyDeppIsInnocent,2022-05-18T10:00:00.000Z,64,2022-05-18,10
JohnnyDeppIsInnocent,2022-05-18T11:00:00.000Z,126,2022-05-18,11
JohnnyDeppIsInnocent,2022-05-18T12:00:00.000Z,140,2022-05-18,12
JohnnyDeppIsInnocent,2022-05-18T13:00:00.000Z,260,2022-05-18,13
JohnnyDeppIsInnocent,2022-05-18T14:00:00.000Z,296,2022-05-18,14
JohnnyDeppIsInnocent,2022-05-18T15:00:00.000Z,317,2022-05-18,15
JohnnyDeppIsInnocent,2022-05-18T16:00:00.000Z,279,2022-05-18,16
JohnnyDeppIsInnocent,2022-05-18T17:00:00.000Z,258,2022-05-18,17
JohnnyDeppIsInnocent,2022-05-18T18:00:00.000Z,377,2022-05-18,18
JohnnyDeppIsInnocent,2022-05-18T19:00:00.000Z,331,2022-05-18,19
JohnnyDeppIsInnocent,2022-05-18T20:00:00.000Z,375,2022-05-18,20
JohnnyDeppIsInnocent,2022-05-18T21:00:00.000Z,301,2022-05-18,21
JohnnyDeppIsInnocent,2022-05-18T22:00:00.000Z,185,2022-05-18,22
JohnnyDeppIsInnocent,2022-05-18T23:00:00.000Z,154,2022-05-18,23
JohnnyDeppIsInnocent,2022-05-19T00:00:00.000Z,104,2022-05-19,00
JohnnyDeppIsInnocent,2022-05-19T01:00:00.000Z,87,2022-05-19,01
JohnnyDeppIsInnocent,2022-05-19T02:00:00.000Z,102,2022-05-19,02
JohnnyDeppIsInnocent,2022-05-19T03:00:00.000Z,130,2022-05-19,03
JohnnyDeppIsInnocent,2022-05-19T04:00:00.000Z,133,2022-05-19,04
JohnnyDeppIsInnocent,2022-05-19T05:00:00.000Z,91,2022-05-19,05
JohnnyDeppIsInnocent,2022-05-19T06:00:00.000Z,132,2022-05-19,06
JohnnyDeppIsInnocent,2022-05-19T07:00:00.000Z,93,2022-05-19,07
JohnnyDeppIsInnocent,2022-05-19T08:00:00.000Z,59,2022-05-19,08
JohnnyDeppIsInnocent,2022-05-19T09:00:00.000Z,90,2022-05-19,09
JohnnyDeppIsInnocent,2022-05-19T10:00:00.000Z,91,2022-05-19,10
JohnnyDeppIsInnocent,2022-05-19T11:00:00.000Z,92,2022-05-19,11
JohnnyDeppIsInnocent,2022-05-19T12:00:00.000Z,134,2022-05-19,12
JohnnyDeppIsInnocent,2022-05-19T13:00:00.000Z,166,2022-05-19,13
JohnnyDeppIsInnocent,2022-05-19T14:00:00.000Z,277,2022-05-19,14
JohnnyDeppIsInnocent,2022-05-19T15:00:00.000Z,284,2022-05-19,15
JohnnyDeppIsInnocent,2022-05-19T16:00:00.000Z,330,2022-05-19,16
JohnnyDeppIsInnocent,2022-05-19T17:00:00.000Z,216,2022-05-19,17
JohnnyDeppIsInnocent,2022-05-19T18:00:00.000Z,728,2022-05-19,18
JohnnyDeppIsInnocent,2022-05-19T19:00:00.000Z,856,2022-05-19,19
JohnnyDeppIsInnocent,2022-05-19T20:00:00.000Z,637,2022-05-19,20
JohnnyDeppIsInnocent,2022-05-19T21:00:00.000Z,657,2022-05-19,21
JohnnyDeppIsInnocent,2022-05-19T22:00:00.000Z,370,2022-05-19,22
JohnnyDeppIsInnocent,2022-05-19T23:00:00.000Z,296,2022-05-19,23
JohnnyDeppIsInnocent,2022-05-20T00:00:00.000Z,291,2022-05-20,00
JohnnyDeppIsInnocent,2022-05-20T01:00:00.000Z,288,2022-05-20,01
JohnnyDeppIsInnocent,2022-05-20T02:00:00.000Z,263,2022-05-20,02
JohnnyDeppIsInnocent,2022-05-20T03:00:00.000Z,261,2022-05-20,03
JohnnyDeppIsInnocent,2022-05-20T04:00:00.000Z,186,2022-05-20,04
JohnnyDeppIsInnocent,2022-05-20T05:00:00.000Z,173,2022-05-20,05
JohnnyDeppIsInnocent,2022-05-20T06:00:00.000Z,138,2022-05-20,06
JohnnyDeppIsInnocent,2022-05-20T07:00:00.000Z,129,2022-05-20,07
JohnnyDeppIsInnocent,2022-05-20T08:00:00.000Z,106,2022-05-20,08
JohnnyDeppIsInnocent,2022-05-20T09:00:00.000Z,91,2022-05-20,09
JohnnyDeppIsInnocent,2022-05-20T10:00:00.000Z,93,2022-05-20,10
JohnnyDeppIsInnocent,2022-05-20T11:00:00.000Z,179,2022-05-20,11
JohnnyDeppIsInnocent,2022-05-20T12:00:00.000Z,172,2022-05-20,12
JohnnyDeppIsInnocent,2022-05-20T13:00:00.000Z,225,2022-05-20,13
JohnnyDeppIsInnocent,2022-05-20T14:00:00.000Z,275,2022-05-20,14
JohnnyDeppIsInnocent,2022-05-20T15:00:00.000Z,292,2022-05-20,15
JohnnyDeppIsInnocent,2022-05-20T16:00:00.000Z,282,2022-05-20,16
JohnnyDeppIsInnocent,2022-05-20T17:00:00.000Z,205,2022-05-20,17
JohnnyDeppIsInnocent,2022-05-20T18:00:00.000Z,212,2022-05-20,18
JohnnyDeppIsInnocent,2022-05-20T19:00:00.000Z,198,2022-05-20,19
JohnnyDeppIsInnocent,2022-05-20T20:00:00.000Z,197,2022-05-20,20
JohnnyDeppIsInnocent,2022-05-20T21:00:00.000Z,207,2022-05-20,21
JohnnyDeppIsInnocent,2022-05-20T22:00:00.000Z,231,2022-05-20,22
JohnnyDeppIsInnocent,2022-05-20T23:00:00.000Z,186,2022-05-20,23
